[
 {
   "ID": "1",
   "NAVN": "Banan",
   "KODE": "fqWGjsDfIjyldBgT"
 },
 {
   "ID": "2",
   "NAVN": "Fly",
   "KODE": "mwjqOfXXTXtyyMmN"
 },
 {
   "ID": "3",
   "NAVN": "Vulkan",
   "KODE": "YVKTZwHRnrGwcPdx"
 },
 {
   "ID": "4",
   "NAVN": "Ski",
   "KODE": "FTsJJGpWDqFMDRhG"
 },
 {
   "ID": "5",
   "NAVN": "Kviklunsj",
   "KODE": "fHjvIUXPKVqosiiI"
 },
 {
   "ID": "6",
   "NAVN": "Glass",
   "KODE": "nfweqstqHWbUQhBQ"
 },
 {
   "ID": "7",
   "NAVN": "Kopp",
   "KODE": "OuJHFjjRAQlkZSvp"
 },
 {
   "ID": "8",
   "NAVN": "Hus",
   "KODE": "zevNTFBniXmtZYTT"
 },
 {
   "ID": "9",
   "NAVN": "Bil",
   "KODE": "nEBCkEekCGDxvtgq"
 },
 {
   "ID": "10",
   "NAVN": "Tog",
   "KODE": "ngDZIWmgLZBYlkEW"
 }

]