[
 {
   "ID": "1",
   "NAVN": "DIV0001",
   "KODE": "fqWGjsDfIjyldBgT"
 },
 {
   "ID": "1",
   "NAVN": "DIV0002",
   "KODE": "mwjqOfXXTXtyyMmN"
 },
 {
   "ID": "4",
   "NAVN": "DIV0003",
   "KODE": "YVKTZwHRnrGwcPdx"
 },
 {
   "ID": "4",
   "NAVN": "DIV0004",
   "KODE": "FTsJJGpWDqFMDRhG"
 },
 {
   "ID": "9",
   "NAVN": "DIV0005",
   "KODE": "fHjvIUXPKVqosiiI"
 },
 {
   "ID": "4",
   "NAVN": "DIV0006",
   "KODE": "nfweqstqHWbUQhBQ"
 },
 {
   "ID": "5",
   "NAVN": "DIV0007",
   "KODE": "OuJHFjjRAQlkZSvp"
 },
 {
   "ID": "3",
   "NAVN": "DIV0008",
   "KODE": "zevNTFBniXmtZYTT"
 },
 {
   "ID": "2",
   "NAVN": "DIV0009",
   "KODE": "nEBCkEekCGDxvtgq"
 },
 {
   "ID": "4",
   "NAVN": "DIV0010",
   "KODE": "ngDZIWmgLZBYlkEW"
 },
 {
   "ID": null,
   "NAVN": "DIV0011",
   "KODE": "fqWGjsDfIjyldBgT"
 },
 {
   "ID": null,
   "NAVN": "DIV0012",
   "KODE": "mwjqOfXXTXtyyMmN"
 },
 {
   "ID": null,
   "NAVN": "DIV0013",
   "KODE": "YVKTZwHRnrGwcPdx"
 },
 {
   "ID": null,
   "NAVN": "DIV0014",
   "KODE": "FTsJJGpWDqFMDRhG"
 },
 {
   "ID": null,
   "NAVN": "DIV0015",
   "KODE": "fHjvIUXPKVqosiiI"
 },
 {
   "ID": null,
   "NAVN": "DIV0016",
   "KODE": "nfweqstqHWbUQhBQ"
 },
 {
   "ID": null,
   "NAVN": "DIV0017",
   "KODE": "OuJHFjjRAQlkZSvp"
 },
 {
   "ID": null,
   "NAVN": "DIV0018",
   "KODE": "zevNTFBniXmtZYTT"
 },
 {
   "ID": null,
   "NAVN": "DIV0019",
   "KODE": "nEBCkEekCGDxvtgq"
 },
 {
   "ID": null,
   "NAVN": "DIV0020",
   "KODE": "ngDZIWmgLZBYlkEW"
 }
]